Date,Open,High,Low,Close,EMA20,EMA50,RSI14,ROC3
2025-03-28,39.0,41.939998626708984,37.459999084472656,40.0,,,,
2025-03-31,38.4900016784668,38.4900016784668,36.0,37.08000183105469,,,0.0,
2025-04-01,38.5,53.27000045776367,37.20000076293945,52.56999969482422,,,28.980365540242044,
2025-04-02,55.90999984741211,64.62000274658203,51.400001525878906,61.36000061035156,,,39.665747297723094,53.400001525878906
2025-04-03,55.38999938964844,57.645999908447266,48.2599983215332,53.79999923706055,,,34.81414707461105,45.09168441303252
2025-04-04,49.599998474121094,51.0,43.5099983215332,47.81999969482422,,,31.52907737374311,-9.035571671246673
2025-04-07,43.8849983215332,52.0,42.15999984741211,49.849998474121094,,,33.81228561047055,-18.758151925912312
2025-04-08,54.14500045776367,54.79999923706055,42.36000061035156,43.61000061035156,,,30.450938429960747,-18.940518162107193
2025-04-09,43.724998474121094,49.880001068115234,39.12099838256836,48.77000045776367,,,36.10733412279117,1.9866180865791099
2025-04-10,46.900001525878906,47.0,41.84400177001953,42.20000076293945,,,32.484675690801474,-15.346033992665067
2025-04-11,42.5,44.880001068115234,41.02000045776367,43.75,,,34.162913063006634,0.3210258832585439
2025-04-14,46.79499816894531,46.849998474121094,42.400001525878906,43.61000061035156,,,34.080511305813104,-10.58027434689247
2025-04-15,43.560001373291016,44.7400016784668,40.0,40.779998779296875,,,32.38028213411254,-3.364933549692352
2025-04-16,40.165000915527344,40.84000015258789,38.26399993896485,40.72999954223633,,,32.34957556514206,-6.902858189174107
2025-04-17,41.04999923706055,41.630001068115234,38.349998474121094,39.09000015258789,,,31.30106042109322,-10.364596180929139
2025-04-21,38.619998931884766,38.63899993896485,33.51499938964844,35.415000915527344,,,29.030374781704776,-13.155953958716704
2025-04-22,36.97999954223633,39.61000061035156,36.0,38.5099983215332,,,33.411492880116626,-5.450530924757367
2025-04-23,42.07500076293945,43.948001861572266,40.15999984741211,41.619998931884766,,,37.581264625637104,6.472240392481504
2025-04-24,42.54999923706055,43.5,38.79999923706055,41.77000045776367,,,37.78363062879347,17.94437209643003
2025-04-25,41.95000076293945,44.36000061035156,40.900001525878906,41.540000915527344,44.19375,,37.58243272318893,7.868093290203776
2025-04-28,42.0099983215332,43.33000183105469,39.779998779296875,42.02000045776367,43.986726234072734,,38.32060613898874,0.961080096454467
2025-04-29,42.20500183105469,46.45000076293945,41.0099983215332,42.81999969482422,43.87560942081097,,39.602649988704435,2.5137640065919284
2025-04-30,41.0,41.5099983215332,39.5,41.29999923706055,43.630313212834736,,37.987038086512285,-0.5777604072634626
2025-05-01,47.025001525878906,48.349998474121094,44.029998779296875,44.31999969482422,43.69599763969088,,42.96553394341986,5.4735821323285965
2025-05-02,46.93899917602539,51.81999969482422,45.79999923706055,51.56999969482422,44.44590259732263,,52.768604597887794,20.434376605232995
2025-05-05,50.42900085449219,52.779998779296875,49.70000076293945,51.0099983215332,45.07105457105697,,52.02477959866298,23.51089410132335
2025-05-06,49.36000061035156,54.832000732421875,49.06100082397461,54.29499816894531,45.94952538990348,,55.94757722752467,22.50676566517665
2025-05-07,54.90999984741211,54.90999984741211,51.400001525878906,53.599998474121094,46.67814187411468,,54.92433679955923,3.9363947863288704
2025-05-08,54.709999084472656,55.70000076293945,52.77000045776367,55.0,47.470699790865666,,56.64449821445321,7.821999234966588
2025-05-09,55.959999084472656,56.81999969482422,50.18000030517578,51.369998931884766,47.842061613819865,,51.189769256954825,-5.387235170280448
2025-05-12,54.29999923706055,59.439998626708984,52.900001525878906,58.4900016784668,48.85615114378624,,59.44008500094161,9.12314056633168
2025-05-13,57.599998474121094,64.87000274658203,57.31999969482422,63.2599983215332,50.22794611309548,,63.84873664098884,15.018178766424006
2025-05-14,66.0,68.5,64.0,67.45999908447266,51.8690940151314,,67.22662924446287,31.321784090209537
2025-05-15,68.87000274658203,72.97000122070312,61.33000183105469,65.7699966430664,53.19298950350616,,64.61056419854815,12.446563097432348
2025-05-16,68.07499694824219,84.0,67.55000305175781,80.30000305175781,55.77460984143489,,73.98419156996191,26.9364609268798
2025-05-19,76.9000015258789,88.9000015258789,76.08000183105469,86.58999633789062,58.70940855538306,,76.84358801691903,28.35754152540619
2025-05-20,89.66999816894531,96.3499984741211,83.30500030517578,90.23999786376952,61.71232182284844,,78.3318725748334,37.205416557190574
2025-05-21,89.45999908447266,109.48999786376952,89.30000305175781,107.38999938964844,66.06257682921034,,83.6493488519874,33.73598419470746
2025-05-22,112.13999938964844,116.53900146484376,99.51000213623048,100.16000366210938,69.30995081329597,,75.2638453523839,15.671564728177147
2025-05-23,98.0,106.79000091552734,97.0999984741211,102.73999786376952,72.49376481810297,,76.18143304755316,13.851950682523928
2025-05-27,109.26799774169922,125.0199966430664,107.9749984741211,123.97000122070312,77.39626352311251,,82.07410493630357,15.439055708433937
2025-05-28,123.75,123.75,113.0,116.1500015258789,81.08709571385216,,74.73932391222151,15.964454152489775
2025-05-29,123.5,130.75999450683594,105.52999877929688,105.5500030517578,83.41689641270032,,66.11430274306993,2.735064479672535
2025-05-30,109.0,111.9499969482422,104.9000015258789,111.30999755859376,86.07338223611875,,68.25792042474981,-10.21215095381892
2025-06-02,116.29499816894533,123.66000366210938,114.0,120.1999969482422,89.32353601822574,,71.27794677446042,3.486866439223363
2025-06-03,125.3000030517578,150.8800048828125,124.6999969482422,150.47999572753906,95.14796075244605,,78.70849075535462,42.5674953829696
2025-06-04,155.875,166.6300048828125,144.3000030517578,163.10000610351562,101.61958411921458,,80.92357687273615,46.52772408665224
2025-06-05,156.0,157.4600067138672,132.8000030517578,135.0500030517578,104.80343354136156,,64.78942389909284,12.354414709269905
2025-06-06,144.92999267578125,148.7899932861328,138.58999633789062,140.16000366210938,108.17072593381373,,66.11484329204313,-6.8580491483500525
2025-06-09,147.8000030517578,163.2899932861328,144.13699340820312,162.10000610351562,113.30684785473771,70.43300003051758,71.13829839444492,-0.6131207618504466
2025-06-10,156.5,158.3000030517578,149.0,154.89999389648438,117.26809985871358,73.74543116251627,67.59669648409836,14.698252792426127
2025-06-11,160.00999450683594,166.02999877929688,145.5,149.6999969482422,120.35685196247822,76.72404158548592,65.07683184758378,6.806501881329387
2025-06-12,153.6999969482422,154.8000030517578,142.5,148.97000122070312,123.08191379659488,79.5572164731415,64.71212884428218,-8.099941016922477
2025-06-13,143.24000549316406,154.5,142.5,147.19000244140625,125.37792223895786,82.20948258954404,63.77362062328826,-4.977399456988043
2025-06-16,148.60000610351562,158.5,143.47999572753906,158.5,128.5324058352476,85.20126758603251,67.04411127440063,5.878425672112978
2025-06-17,156.97999572753906,175.3800048828125,155.8000030517578,171.92999267578125,132.66550934386984,88.60239406014031,70.45501670065859,15.412493298608672
2025-06-18,173.3300018310547,176.75,165.5500030517578,170.0,136.22117512064415,91.79445703817403,69.3442781375409,15.496974781065045
2025-06-20,171.82000732421875,187.0,168.85000610351562,183.5800018310547,140.73153956925466,95.39389016730661,72.61565876037665,15.823345003819993
2025-06-23,183.32000732421875,183.52999877929688,159.0,173.67999267578125,143.86948748416197,98.46393340293307,67.00221780131231,1.0178561475891414
2025-06-24,176.3699951171875,183.97999572753903,171.22999572753906,172.6199951171875,146.60763106825962,101.37201425447246,66.41026369920019,1.5411735983455883
2025-06-25,178.02000427246094,180.25,157.89999389648438,159.5,147.83547572842537,103.65154310723825,59.413495989269755,-13.11689813208253
2025-06-26,164.14999389648438,165.99000549316406,152.88900756835938,158.0800018310547,148.81114488105672,105.78599246895655,58.692744639820155,-8.982031035577018
2025-06-27,160.1300048828125,167.8800048828125,158.1999969482422,159.99000549316406,149.87579827268598,107.91164003853332,59.40607789234255,-7.316643483536914
2025-06-30,163.30999755859375,173.3489990234375,160.4600067138672,163.05999755859375,151.1314362999153,110.07432072559452,60.584289312571954,2.2319733909678683
2025-07-01,162.77999877929688,162.77999877929688,154.89999389648438,155.94000244140625,151.58939498005728,111.87297491052831,56.48927572996143,-1.3537445374877497
2025-07-02,152.80999755859375,158.72000122070312,151.25999450683594,151.77000427246094,151.6065958650481,113.43756429727077,54.17949306356275,-5.137821700402618
2025-07-03,155.0,166.22000122070312,153.5500030517578,165.1999969482422,152.90120549201896,115.4674636169167,59.870549807505434,1.312399988770669
2025-07-07,161.17999267578125,163.66000366210938,155.25999450683594,159.6999969482422,153.5487094402307,117.20207276716476,56.76129090067198,2.411180228273203
2025-07-08,159.34500122070312,160.4199981689453,148.75,151.4499969482422,153.34883206004133,118.5451286174031,52.36804097009162,-0.2108501780393085
2025-07-09,155.1999969482422,156.47000122070312,149.6999969482422,153.0500030517578,153.3203721544905,119.8982609481621,53.12578071686628,-7.354717990879271
2025-07-10,152.8000030517578,153.5,136.00999450683594,138.2899932861328,151.8889075003612,120.61950535357272,45.87553888944742,-13.406389524884105
2025-07-11,132.9250030517578,136.36000061035156,125.66999816894533,125.83999633789062,149.40805881822115,120.82423049021264,40.81564805603375,-16.90987198837894
2025-07-14,130.3800048828125,135.6699981689453,129.99000549316406,132.375,147.78586274029533,121.27720184353764,44.28910091625429,-13.508659026139338
2025-07-15,144.24000549316406,146.75,140.0500030517578,140.58999633789062,147.1005421305425,122.03456633351227,48.38961085301552,1.6631738834486212
2025-07-16,143.14999389648438,146.99000549316406,139.02000427246094,143.0399932861328,146.71382319297967,122.85830856694838,49.58148554804494,13.66814800443795
2025-07-17,141.3699951171875,141.3699951171875,131.33999633789062,132.2100067138672,145.33250733782612,123.22504182761186,44.67057456306201,-0.12464082049693107
2025-07-18,132.52000427246094,132.52000427246094,122.19000244140624,123.0199966430664,143.20750631927757,123.21700083998263,40.962865806755644,-12.49733277792888
2025-07-21,126.52999877929688,134.3000030517578,124.11000061035156,124.91000366210938,141.46488701859488,123.28339310751701,42.02855440049211,-12.674769627370411
2025-07-22,125.9250030517578,132.39999389648438,122.6999969482422,129.77000427246094,140.35108866182023,123.5377700159462,44.788449549673096,-1.8455505010955604
2025-07-23,132.0,132.1199951171875,125.38300323486328,126.0500030517578,138.98908050848095,123.63628895852705,43.09715782062134,2.4630194207229055
2025-07-24,125.75,126.31999969482422,120.0,120.0,137.1805966505304,123.49368939152599,40.42362830529757,-3.9308330142966703
2025-07-25,119.93000030517578,119.93000030517578,114.2300033569336,115.62000274658205,135.12720675491627,123.18491736623407,38.55870195227648,-10.903907729069656
2025-07-28,115.0,116.8000030517578,109.5999984741211,110.27999877929688,132.76080599533347,122.67884212753066,36.35648210348608,-12.5109114562937
2025-07-29,108.83999633789062,113.44000244140624,106.3000030517578,108.73999786376952,130.47310998280358,122.13222078385375,35.72283383345241,-9.383335113525401
2025-07-30,108.75499725341795,109.5,100.8000030517578,102.88999938964844,127.84614706916976,121.37762386643394,33.345331784360916,-11.010208488608543
2025-07-31,112.62999725341795,119.58999633789062,111.5,114.12999725341795,126.5398470867172,121.09340321494312,41.41338186214645,3.491112184201301
2025-08-01,104.9000015258789,109.3000030517578,103.1050033569336,104.13999938964844,124.40652825842494,120.4285638492453,37.1135243724695,-4.230272728057251
2025-08-04,106.6750030517578,107.58000183105467,101.5999984741211,106.01000213623048,122.65447815154928,119.86313005657804,38.40277120058206,3.0323673487123597
2025-08-05,105.2249984741211,114.25,104.50299835205078,111.83999633789062,121.62452750262942,119.54849736172756,42.369579094397224,-2.0064846846903337
2025-08-06,110.5,112.0,105.55999755859376,110.23999786376952,120.54028658464276,119.1834581657292,41.57820494572408,5.8574980889882955
2025-08-07,115.4800033569336,122.1999969482422,115.0199966430664,121.08000183105467,120.59168803668199,119.25783242711452,48.58489622318949,14.21563945962208
2025-08-08,128.0500030517578,130.97999572753906,121.6999969482422,129.5500030517578,121.44486089526063,119.66144696141426,53.298052025237034,15.835128123897443
2025-08-11,134.8000030517578,141.5,130.17999267578125,139.77999877929688,123.19106450326409,120.45040977780181,58.27326980839506,26.796082626953414
2025-08-12,135.8249969482422,148.8000030517578,130.42999267578125,148.75,125.62524883628656,121.56019762965272,62.08713579820015,22.852657540882618
2025-08-13,132.97500610351562,134.5,117.5999984741211,117.76000213623048,124.8761777219955,121.41117035540087,46.33135840059614,-9.100733799918931
2025-08-14,115.26000213623048,116.87999725341795,98.80999755859376,99.50499725341795,122.45987482022622,120.5521047435584,39.90696660249217,-28.81313626956773
2025-08-15,95.9000015258789,102.0,94.6999969482422,99.97000122070312,120.31798209646212,119.74496342893663,40.1346816186053,-32.79327649028362
2025-08-18,102.20999908447266,103.91000366210938,96.6999969482422,96.8000030517578,118.07817456839504,118.84516106120412,39.04836254137692,-17.798911943144446
2025-08-19,96.44000244140624,96.5,88.6500015258789,92.88999938964844,115.67930074184774,117.82731158388822,37.693163732080215,-6.647905176985767
2025-08-20,90.15499877929688,91.6500015258789,85.26000213623047,91.5199966430664,113.3784146372019,116.79565217444423,37.20592561625713,-8.452540236527254
2025-08-21,94.01499938964844,95.83999633789062,90.6500015258789,90.79000091552734,111.22713713989955,115.77582271331023,36.93197970914315,-6.208679697062591
2025-08-22,91.08999633789062,98.5999984741211,88.58000183105469,93.98999786376952,109.58550482788716,114.92147664077923,39.05051956989729,1.1841947263955546
2025-08-25,94.0,94.0,90.0,92.37999725341795,107.9468850588901,114.03749705696114,38.35247682572821,0.9396860160578931
2025-08-26,91.81999969482422,94.7699966430664,90.31999969482422,91.38999938964844,106.37003880467661,113.14935989353712,37.90380284469046,0.6608640467790535
2025-08-27,93.9499969482422,97.5,92.6500015258789,96.93000030517578,105.47098751900987,112.51330657634648,41.993352603174266,3.127995008221563
2025-08-28,100.63999938964844,105.5,99.9000015258789,102.79000091552734,105.21565546153535,112.13200047200064,46.04138339390121,11.26867717212909
2025-08-29,100.9000015258789,103.08000183105467,96.31900024414062,103.04000091552734,105.00845026667744,111.775451469786,46.213833578659035,12.747567133913865
2025-09-02,96.62999725341795,97.12999725341795,90.6999969482422,93.33999633789062,103.89716894012632,111.0524924450058,40.769387973864205,-3.703707784981262
2025-09-03,93.74500274658205,93.79000091552734,88.76000213623047,89.87999725341797,102.56220020805885,110.22219851592392,39.00423573575273,-12.55959095935683
2025-09-04,88.4800033569336,89.72000122070312,85.20999908447266,87.4800033569336,101.12580050795168,109.33034772537529,37.78228136150965,-15.100929173467211
2025-09-05,90.0199966430664,90.44000244140624,84.4000015258789,89.08999633789062,99.97953344413634,108.53660845527786,39.15928800129192,-4.5532463753426855
2025-09-08,88.91999816894531,96.16999816894533,88.64299774169922,93.5500030517578,99.36719721629076,107.94889843945354,42.927579225015066,4.08322864985431
2025-09-09,99.88500213623048,103.88999938964844,97.0500030517578,100.22000122070312,99.44841664528242,107.6458044308751,48.10431832394451,14.563325760046132
2025-09-10,110.0250015258789,124.9000015258789,109.01000213623048,117.13999938964844,101.13332928760299,108.01812580180739,58.41002777916141,31.485019872907934
2025-09-11,117.9000015258789,118.64299774169922,112.12999725341795,112.69000244140624,102.23396482606044,108.20133665041911,55.29964999866109,20.459645927599784
2025-09-12,113.9250030517578,115.30999755859376,104.06999969482422,111.95999908447266,103.16025380305209,108.34873517724473,54.7842654449535,11.714226422643787
2025-09-15,120.8499984741211,121.87999725341795,116.11000061035156,120.47000122070312,104.80880117616171,108.82407894365487,59.52050437902259,2.8427538401959023
2025-09-16,121.47000122070312,125.76000213623048,115.12000274658205,118.75,106.13653439747964,109.21333074978605,58.19370938795643,5.377582240930993
2025-09-17,119.4800033569336,121.83999633789062,114.56999969482422,120.86000061035156,107.53876927489601,109.67006290118078,59.38965761872369,7.949269023451802
2025-09-18,122.375,122.87999725341795,118.1999969482422,121.38999938964844,108.85793404772957,110.12966825366972,59.70150104041622,0.7636740762207348
2025-09-19,122.0500030517578,129.38999938964844,122.0,124.86000061035156,110.3819403870269,110.70732834608862,61.77130335967631,5.145263671875
2025-09-22,124.69000244140624,136.47999572753906,119.5,133.22999572753906,112.55794565755187,111.59057020418471,66.27137014560833,10.234978532780199
2025-09-23,135.7100067138672,136.0,127.04000091552734,130.88999938964844,114.30385553679916,112.34741056439898,64.00304775733659,7.826015361863586
2025-09-24,132.82000732421875,133.8000030517578,124.05999755859376,133.39999389648438,116.12253538057871,113.17300206761803,65.37218260671176,6.839655009119711
2025-09-25,130.0749969482422,138.9499969482422,125.8000030517578,126.66000366210938,117.12610378834354,113.70190409093142,58.894409335054846,-4.931315976970829
2025-09-26,127.91500091552734,129.3800048828125,119.5,120.33999633789062,117.43218879306231,113.96222143394944,53.537280818731965,-8.060205593210638
2025-09-29,120.70999908447266,126.5,120.5,122.5199966430664,117.91674192163413,114.29782046175795,55.0559184613498,-8.155920353235263
2025-09-30,136.2100067138672,142.6699981689453,133.22000122070312,136.85000610351562,119.71990993895618,115.18221989868962,63.5010199374477,8.045161966511621
2025-10-01,135.92999267578125,137.61000061035156,132.27000427246094,137.0500030517578,121.37039499731824,116.03978002233936,63.60380970046837,13.885663305945958
2025-10-02,140.5,140.64999389648438,134.52499389648438,138.0,122.95416690233556,116.90096511950253,64.12069793566204,12.634674976388542
2025-10-03,139.0,140.5500030517578,130.8000030517578,134.7899932861328,124.0813884626972,117.60249563584098,60.96987195970139,-1.5053070701543005
2025-10-06,137.35000610351562,144.32899475097656,133.77999877929688,133.85000610351562,125.01173299991801,118.23965290908313,60.03948459003469,-2.334911986126471
2025-10-07,136.15499877929688,138.50999450683594,126.36000061035156,128.8300018310547,125.37537765050246,118.65496070994476,55.195333060629004,-6.644926209380661
2025-10-08,131.97999572753906,140.8000030517578,131.22999572753906,139.97999572753906,126.76629365783927,119.49123659298768,62.44340089194192,3.8504360115137697
2025-10-09,139.77000427246094,143.69000244140625,136.49000549316406,143.0800018310547,128.31998015052645,120.41628621016677,64.17846600758924,6.895775350507535
2025-10-10,146.05999755859375,153.1999969482422,137.0399932861328,138.42999267578125,129.282838486265,121.12270607156343,59.72153010493617,7.451673296811573
2025-10-13,141.85499572753906,144.0,136.00999450683594,141.6199951171875,130.4578057844481,121.92652132825457,61.68720969962734,1.1715955420091437
2025-10-14,138.1699981689453,139.39999389648438,130.3000030517578,134.05999755859375,130.80087166770008,122.40234392552277,54.8548584235209,-6.304168407204478
2025-10-15,139.52999877929688,141.47999572753906,134.4199981689453,139.24000549316406,131.60459869869666,123.06264437915577,58.2657007201751,0.5851425704254384
2025-10-16,141.44000244140625,150.39999389648438,137.80999755859375,141.74000549316406,132.569875536265,123.79508991303845,59.842622777108964,0.08474112421572709
